{"cameraMode":{"drawMode":0,"name":"Shaded","section":"Shading Mode"},"sceneLighting":false,"audioPlay":false,"sceneViewState":{"showFog":true,"showMaterialUpdate":false,"showSkybox":false,"showFlares":true,"showImageEffects":true,"showParticleSystems":true},"in2DMode":false,"pivot":{"x":-25.88250160217285,"y":16.220046997070314,"z":4.809000015258789},"rotation":{"x":-0.27529218792915347,"y":-0.6527050137519836,"z":0.2767277657985687,"w":-0.6493167281150818},"size":3.900055170059204,"orthographic":false}