{"cameraMode":{"drawMode":0,"name":"Shaded","section":"Shading Mode"},"sceneLighting":false,"audioPlay":false,"sceneViewState":{"showFog":true,"showMaterialUpdate":false,"showSkybox":false,"showFlares":true,"showImageEffects":true,"showParticleSystems":true},"in2DMode":false,"pivot":{"x":977.8045654296875,"y":455.0971374511719,"z":32.74665069580078},"rotation":{"x":-0.32777324318885805,"y":0.478665292263031,"z":-0.19861449301242829,"w":-0.7899345755577087},"size":71.98823547363281,"orthographic":false}