{"cameraMode":{"drawMode":0,"name":"Shaded","section":"Shading Mode"},"sceneLighting":false,"audioPlay":false,"sceneViewState":{"showFog":true,"showMaterialUpdate":false,"showSkybox":false,"showFlares":true,"showImageEffects":true,"showParticleSystems":true},"in2DMode":false,"pivot":{"x":19.491561889648439,"y":1.6829358339309693,"z":-21.25153350830078},"rotation":{"x":-0.08738802373409271,"y":-0.8439250588417053,"z":0.1448642611503601,"w":-0.5090857148170471},"size":71.49760437011719,"orthographic":false}